request_id;img_width;img_height;total_client_time_ms;client_read_time_ms;client_serialize_time_ms;send_time_ms;client_exec_time_ms;client_deserialize_time_ms;sla_ms;pipeline_demanda;node_cpu_free_pct;node_mem_free_pct;node_health_score;k1_total_ms;k1_wasm_ms;k1_network_receive_ms;k1_network_send_ms;k2_total_ms;k2_wasm_ms;k2_network_receive_ms;k2_network_send_ms;k3_total_ms;k3_wasm_ms;k3_network_receive_ms;k3_network_send_ms;Environment;usage
1;1024;1024;530.931559;8.247;75.609;75.454;312.049;50.702;15;1;97.8;59.8;157.6;357.0;18.0;167.0;169.0;;;;;;;;;Edge;3g
2;1024;1024;1007.9916440000001;10.097;74.055;367.303;506.933;40.673;15;2;88.34;59.02;147.36;;;;;812.0;250.0;387.0;173.0;;;;;Edge;3g
3;1024;1024;458.99832299999997;5.296;40.865;106.099;260.177;27.274;15;3;92.85;57.38;150.23;;;;;;;;;336.0;16.0;144.0;173.0;Edge;3g
4;1024;1024;860.926673;5.424;45.005;168.422;598.379;26.831;15;1|2;91.45;56.98;148.42;247.0;15.0;181.0;49.0;505.0;241.0;110.0;152.0;;;;;Edge;3g
5;1024;1024;671.8246780000001;8.953;77.454;90.983;450.283;37.485;15;1|3;91.84;56.84;148.68;241.0;13.0;178.0;47.0;;;;;297.0;15.0;81.0;200.0;Edge;3g
6;1024;1024;1008.433629;12.0;77.786;164.232;700.852;40.06;15;2|3;92.9;56.71;149.61;;;;;556.0;300.0;198.0;55.0;290.0;19.0;99.0;169.0;Edge;3g
7;1024;1024;1012.8752249999999;5.947;25.927;194.163;751.362;29.058;15;1|2|3;86.04;56.43;142.46;306.0;15.0;238.0;51.0;380.0;253.0;83.0;42.0;270.0;11.0;93.0;163.0;Edge;3g
8;1920;1920;1794.6357150000001;119.456;275.065;338.366;805.816;182.383;15;1;91.51;53.9;145.41;1046.0;89.0;511.0;443.0;;;;;;;;;Edge;3g
9;1920;1920;2685.1850329999997;29.057;257.806;499.825;1781.689;97.951;15;2;89.34;53.15;142.49;;;;;2097.0;1110.0;641.0;343.0;;;;;Edge;3g
10;1920;1920;1584.354668;34.803;305.278;448.282;671.45;107.761;15;3;91.02;51.65;142.67;;;;;;;;;1027.0;55.0;598.0;372.0;Edge;3g
11;1920;1920;2844.3484200000003;34.049;265.416;549.035;1876.002;102.498;15;1|2;87.9;49.06;136.97;967.0;59.0;717.0;189.0;1452.0;834.0;316.0;300.0;;;;;Edge;3g
12;1920;1920;1761.0650799999999;38.691;252.813;476.801;892.415;75.378;15;1|3;88.46;48.37;136.82;842.0;46.0;646.0;147.0;;;;;559.0;53.0;273.0;232.0;Edge;3g
13;1920;1920;3054.234509;34.803;255.728;478.042;2154.087;112.354;15;2|3;90.27;48.32;138.59;;;;;1817.0;1048.0;655.0;112.0;722.0;38.0;228.0;454.0;Edge;3g
14;1920;1920;3167.750292;31.511;249.474;388.116;2345.048;133.298;15;1|2|3;84.08;47.01;131.09;777.0;52.0;577.0;144.0;1224.0;853.0;268.0;100.0;751.0;37.0;191.0;521.0;Edge;3g
15;3840;2160;4126.087254;318.887;434.934;510.753;2175.864;498.839;15;1;86.69;43.89;130.58;2477.0;124.0;693.0;1657.0;;;;;;;;;Edge;3g
16;3840;2160;4893.849167;66.645;511.71;728.016;3284.945;269.624;15;2;86.02;43.09;129.11;;;;;3698.0;1991.0;958.0;746.0;;;;;Edge;3g
17;3840;2160;4028.03119;35.532;241.904;699.01;2797.862;225.069;15;3;61.03;35.45;96.48;;;;;;;;;3216.0;147.0;912.0;2153.0;Edge;3g
18;3840;2160;3830.694446;26.962;177.869;472.785;2799.746;323.563;15;1|2;83.33;34.9;118.23;931.0;79.0;614.0;236.0;2322.0;1354.0;361.0;605.0;;;;;Edge;3g
19;3840;2160;3675.569679;66.629;495.783;640.818;2222.139;221.243;15;1|3;87.32;34.73;122.05;1420.0;105.0;924.0;390.0;;;;;1601.0;84.0;671.0;844.0;Edge;3g
20;3840;2160;5637.703552999999;64.74;507.195;796.864;3996.731;234.622;15;2|3;79.84;34.04;113.89;;;;;3089.0;1836.0;1024.0;226.0;1553.0;96.0;410.0;1045.0;Edge;3g
21;3840;2160;6302.896364;66.073;524.698;751.525;4686.442;240.571;15;1|2|3;83.52;33.61;117.13;1384.0;96.0;972.0;313.0;2672.0;1921.0;500.0;248.0;1515.0;87.0;406.0;1021.0;Edge;3g
22;224;224;135.679172;19.831;4.535;16.907;76.135;5.589;15;1;80.9;33.92;114.82;85.0;1.0;34.0;47.0;;;;;;;;;Edge;3g
23;224;224;108.44335099999999;0.338;1.507;23.494;78.425;3.146;15;2;92.85;33.79;126.64;;;;;79.0;12.0;26.0;39.0;;;;;Edge;3g
24;224;224;109.164031;0.32;5.692;26.785;68.929;2.518;15;3;91.5;33.82;125.33;;;;;;;;;80.0;1.0;39.0;37.0;Edge;3g
25;224;224;121.255842;0.429;5.86;26.374;77.335;8.183;15;1|2;93.73;33.77;127.5;29.0;0.0;20.0;7.0;56.0;12.0;8.0;33.0;;;;;Edge;3g
26;224;224;185.34215600000002;0.419;7.522;28.193;139.702;5.14;15;1|3;93.46;33.75;127.2;72.0;1.0;40.0;29.0;;;;;79.0;2.0;13.0;59.0;Edge;3g
27;224;224;137.539267;0.327;7.476;29.282;94.373;3.365;15;2|3;90.84;33.7;124.54;;;;;57.0;19.0;27.0;9.0;73.0;4.0;6.0;60.0;Edge;3g
28;224;224;176.573439;0.894;4.206;37.075;126.917;4.809;15;1|2|3;90.59;33.7;124.29;53.0;1.0;38.0;11.0;50.0;19.0;11.0;18.0;59.0;3.0;17.0;36.0;Edge;3g
29;1024;1024;632.082234;55.93;71.97;128.069;268.074;67.982;15;1;91.61;56.4;148.01;386.0;16.0;182.0;183.0;;;;;;;;;Edge;2g
30;1024;1024;852.958857;3.985;80.501;111.232;595.656;24.171;15;2;85.39;55.35;140.74;;;;;694.0;309.0;190.0;193.0;;;;;Edge;2g
31;1024;1024;515.802279;4.082;32.624;182.515;257.886;32.656;15;3;84.15;53.6;137.75;;;;;;;;;430.0;17.0;232.0;177.0;Edge;2g
32;1024;1024;1034.9465819999998;6.109;63.533;122.364;803.978;31.321;15;1|2;85.91;53.44;139.35;279.0;17.0;195.0;64.0;699.0;347.0;101.0;248.0;;;;;Edge;2g
33;1024;1024;1061.368813;8.371;73.936;253.5;678.538;39.285;15;1|3;79.57;52.83;132.39;503.0;23.0;369.0;108.0;;;;;526.0;21.0;147.0;349.0;Edge;2g
34;1024;1024;1079.2344640000001;9.394;65.287;292.14;662.163;42.503;15;2|3;87.1;52.26;139.35;;;;;688.0;300.0;318.0;67.0;322.0;11.0;108.0;201.0;Edge;2g
35;1024;1024;1120.1861230000002;10.161;69.856;319.356;682.071;31.181;15;1|2|3;85.03;52.17;137.2;440.0;18.0;355.0;64.0;412.0;263.0;106.0;39.0;236.0;13.0;79.0;141.0;Edge;2g
36;1920;1920;1715.0261790000002;143.329;187.039;291.16;815.405;155.907;15;1;81.68;51.93;133.6;1101.0;74.0;448.0;577.0;;;;;;;;;Edge;2g
37;1920;1920;2393.678602;32.02;250.296;384.027;1625.668;88.659;15;2;80.4;45.94;126.34;;;;;2002.0;1114.0;541.0;344.0;;;;;Edge;2g
38;1920;1920;1558.2030169999998;37.061;232.759;333.948;829.0;107.901;15;3;83.31;45.17;128.48;;;;;;;;;1170.0;78.0;578.0;512.0;Edge;2g
39;1920;1920;2531.094372;32.64;227.163;493.981;1662.066;101.014;15;1|2;81.4;40.91;122.3;913.0;63.0;669.0;179.0;1417.0;821.0;286.0;308.0;;;;;Edge;2g
40;1920;1920;1991.440656;26.212;239.286;396.958;1226.108;87.659;15;1|3;73.43;40.92;114.35;796.0;54.0;561.0;180.0;;;;;897.0;42.0;442.0;412.0;Edge;2g
41;1920;1920;2552.6173019999997;32.581;229.489;314.817;1852.287;105.797;15;2|3;83.39;40.77;124.16;;;;;1473.0;902.0;463.0;104.0;700.0;32.0;90.0;560.0;Edge;2g
42;1920;1920;2924.055445;65.302;217.032;356.199;2175.136;94.551;15;1|2|3;86.17;38.45;124.62;816.0;57.0;576.0;180.0;1307.0;778.0;278.0;248.0;806.0;33.0;203.0;567.0;Edge;2g
43;3840;2160;5529.420142;610.299;476.177;951.017;2973.769;368.989;15;1;51.12;33.42;84.54;3919.0;164.0;1379.0;2374.0;;;;;;;;;Edge;2g
44;3840;2160;4863.602911;65.724;462.109;653.038;3470.899;179.804;15;2;67.99;29.96;97.96;;;;;4107.0;2174.0;946.0;981.0;;;;;Edge;2g
45;3840;2160;3136.58497;26.258;110.187;219.72;2584.154;172.675;15;3;49.27;25.09;74.37;;;;;;;;;2806.0;71.0;358.0;2375.0;Edge;2g
46;3840;2160;3242.475593;16.415;113.626;378.93;2554.444;150.049;15;1|2;86.69;22.54;109.23;847.0;63.0;541.0;241.0;2319.0;1359.0;361.0;586.0;;;;;Edge;2g
47;3840;2160;3449.298635;64.758;428.027;471.987;2203.132;253.157;15;1|3;69.59;23.57;93.16;1772.0;110.0;756.0;903.0;;;;;1769.0;73.0;797.0;893.0;Edge;2g
48;3840;2160;14867.271428;62.643;443.622;519.756;13618.78;200.221;15;2|3;83.81;24.01;107.82;;;;;12614.0;1764.0;810.0;10039.0;1697.0;57.0;386.0;1253.0;Edge;2g
49;3840;2160;4700.788328;19.59;130.972;250.848;3993.53;275.025;15;1|2|3;84.55;22.24;106.79;819.0;77.0;447.0;294.0;2305.0;1642.0;440.0;217.0;1632.0;73.0;390.0;1167.0;Edge;2g
50;224;224;126.42822000000001;13.628;2.209;15.699;84.523;3.026;15;1;70.53;22.72;93.25;109.0;0.0;19.0;87.0;;;;;;;;;Edge;2g
51;224;224;208.954525;0.802;3.619;37.612;161.913;2.103;15;2;85.4;22.68;108.07;;;;;192.0;27.0;63.0;100.0;;;;;Edge;2g
52;224;224;81.857473;0.389;3.917;14.426;58.053;2.973;15;3;93.3;22.68;115.97;;;;;;;;;66.0;1.0;25.0;38.0;Edge;2g
53;224;224;206.224273;0.721;2.21;14.477;179.217;2.718;15;1|2;87.48;22.55;110.03;47.0;1.0;31.0;12.0;150.0;38.0;7.0;103.0;;;;;Edge;2g
54;224;224;94.366029;0.263;2.359;11.348;76.441;2.254;15;1|3;89.55;22.44;111.98;42.0;0.0;21.0;19.0;;;;;69.0;1.0;20.0;46.0;Edge;2g
55;224;224;87.171443;0.175;1.781;15.064;66.598;2.234;15;2|3;90.48;22.44;112.92;;;;;45.0;9.0;16.0;17.0;31.0;0.0;2.0;27.0;Edge;2g
56;224;224;170.929685;3.187;3.475;13.428;140.045;7.281;15;1|2|3;91.02;22.43;113.45;38.0;1.0;27.0;5.0;57.0;31.0;5.0;19.0;51.0;0.0;1.0;47.0;Edge;2g
57;1024;1024;857.358975;5.25;36.456;180.22;600.946;23.05;15;1;58.06;43.95;102.01;774.0;31.0;237.0;489.0;;;;;;;;;Edge;1g
58;1024;1024;2174.4317720000004;8.267;65.048;368.798;1694.867;30.339;15;2;51.05;42.94;93.99;;;;;2043.0;625.0;537.0;875.0;;;;;Edge;1g
59;1024;1024;914.94713;5.004;40.755;173.099;668.727;23.557;15;3;39.11;42.96;82.07;;;;;;;;;827.0;28.0;263.0;534.0;Edge;1g
60;1024;1024;1670.494819;4.863;32.776;177.849;1420.965;26.17;15;1|2;57.81;40.77;98.57;544.0;28.0;284.0;231.0;1273.0;651.0;360.0;259.0;;;;;Edge;1g
61;1024;1024;3434.6104560000003;6.718;39.64;285.58;3074.575;18.078;15;1|3;23.0;41.26;64.25;766.0;48.0;460.0;255.0;;;;;2822.0;34.0;658.0;2121.0;Edge;1g
62;1024;1024;1163.692757;8.393;68.318;367.897;694.051;19.631;15;2|3;58.2;40.67;98.86;;;;;666.0;207.0;375.0;82.0;424.0;48.0;127.0;248.0;Edge;1g
63;1024;1024;2408.9406520000002;3.916;20.026;222.897;2140.42;18.103;15;1|2|3;56.37;41.22;97.6;988.0;133.0;421.0;433.0;1096.0;496.0;480.0;114.0;824.0;20.0;252.0;550.0;Edge;1g
64;1920;1920;1434.3007850000001;30.309;203.691;265.266;861.275;63.482;15;1;52.47;41.79;94.27;1115.0;49.0;366.0;697.0;;;;;;;;;Edge;1g
65;1920;1920;2234.945873;12.255;82.061;251.354;1804.501;60.785;15;2;48.22;34.78;83.0;;;;;2050.0;747.0;433.0;868.0;;;;;Edge;1g
66;1920;1920;1437.600752;8.626;67.005;448.512;834.558;55.115;15;3;49.13;34.91;84.03;;;;;;;;;1278.0;71.0;630.0;575.0;Edge;1g
67;1920;1920;4962.671446;26.626;229.106;715.115;3892.607;84.111;15;1|2;41.57;28.76;70.33;1593.0;101.0;1060.0;430.0;3427.0;2008.0;665.0;749.0;;;;;Edge;1g
68;1920;1920;2585.281782;14.333;121.438;689.948;1669.251;63.316;15;1|3;41.85;27.56;69.41;1379.0;95.0;876.0;405.0;;;;;1345.0;58.0;594.0;690.0;Edge;1g
69;1920;1920;4724.606718999999;30.999;242.836;712.466;3621.275;99.452;15;2|3;7.41;25.56;32.97;;;;;3273.0;1948.0;1079.0;245.0;1285.0;53.0;410.0;810.0;Edge;1g
70;1920;1920;4744.198797;29.059;233.975;427.597;3951.208;76.433;15;1|2|3;27.91;24.67;52.57;1071.0;73.0;633.0;362.0;2164.0;1234.0;639.0;289.0;1776.0;51.0;533.0;1190.0;Edge;1g
71;3840;2160;4231.7601429999995;67.936;422.637;611.602;2691.697;216.15;15;1;0.0;18.11;18.11;3289.0;173.0;1000.0;2114.0;;;;;;;;;Edge;1g
72;3840;2160;5085.703706;22.764;111.143;496.896;4243.653;179.648;15;2;20.23;9.66;29.89;;;;;4732.0;2594.0;741.0;1395.0;;;;;Edge;1g
73;3840;2160;35254.627567999996;59.105;460.376;1147.576;33435.587;127.332;15;3;0.22;22.24;22.46;;;;;;;;;34706.0;152.0;1554.0;32997.0;Edge;1g
74;3840;2160;74012.924212;18.968;121.069;5826.511;67930.932;77.46;15;1|2;0.92;11.24;12.15;29859.0;3874.0;6444.0;19391.0;62411.0;13939.0;20478.0;27526.0;;;;;Edge;1g
75;3840;2160;10916.156399;19.497;120.803;1292.66;9282.875;175.44;15;1|3;0.0;9.84;9.84;4575.0;839.0;1512.0;2127.0;;;;;7854.0;1609.0;2441.0;3304.0;Edge;1g
76;3840;2160;14363.284541;20.403;118.46;1973.338;11959.594;259.878;15;2|3;0.0;8.07;8.07;;;;;9261.0;5289.0;2757.0;1120.0;5888.0;498.0;1947.0;3108.0;Edge;1g
77;3840;2160;54154.5674;18.895;127.059;734.805;53090.031;158.392;15;1|2|3;0.0;2.93;2.93;3567.0;632.0;1046.0;1637.0;8721.0;4064.0;2089.0;2382.0;46068.0;193.0;2921.0;42646.0;Edge;1g
78;224;224;221.5461;0.145;0.795;4.111;213.112;0.803;15;1;0.0;5.64;5.64;77.0;0.0;29.0;40.0;;;;;;;;;Edge;1g
79;224;224;480.89003;0.445;0.963;7.84;468.124;1.753;15;2;0.0;5.11;5.11;;;;;168.0;22.0;90.0;32.0;;;;;Edge;1g
80;224;224;242.388199;0.351;0.619;6.059;232.665;1.388;15;3;0.0;5.16;5.16;;;;;;;;;110.0;0.0;32.0;48.0;Edge;1g
81;224;224;428.93370400000003;0.152;0.99;9.542;414.925;1.375;15;1|2;2.44;5.02;7.46;156.0;87.0;5.0;56.0;87.0;0.0;31.0;28.0;;;;;Edge;1g
82;224;224;680.717433;0.171;2.074;54.481;620.148;1.609;15;1|3;2.44;5.02;7.46;76.0;15.0;20.0;8.0;;;;;393.0;0.0;6.0;381.0;Edge;1g
83;224;224;379.70588300000003;0.14;0.978;5.04;369.563;1.57;15;2|3;2.44;5.02;7.46;;;;;73.0;22.0;16.0;15.0;128.0;0.0;5.0;120.0;Edge;1g
84;224;224;444.710213;0.332;1.561;95.23;345.4;1.126;15;1|2|3;2.44;5.02;7.46;91.0;32.0;1.0;25.0;88.0;0.0;60.0;9.0;86.0;23.0;19.0;37.0;Edge;1g
85;1024;1024;372.581946;2.461;31.931;19.71;244.526;68.595;15;1;97.19;68.52;165.71;263.0;44.0;122.0;94.0;;;;;;;;;Cloud;full
86;1024;1024;613.153033;2.495;31.81;20.711;487.755;64.425;15;2;96.57;68.42;164.98;;;;;507.0;304.0;124.0;77.0;;;;;Cloud;full
87;1024;1024;369.548526;2.281;31.663;24.4;231.646;73.956;15;3;96.76;68.38;165.14;;;;;;;;;255.0;44.0;128.0;81.0;Cloud;full
88;1024;1024;769.464284;2.248;31.554;18.884;646.487;64.372;15;1|2;96.84;68.36;165.21;220.0;41.0;114.0;63.0;507.0;302.0;132.0;72.0;;;;;Cloud;full
89;1024;1024;497.063604;2.313;31.727;19.056;376.943;61.403;15;1|3;96.84;68.36;165.21;216.0;40.0;115.0;59.0;;;;;238.0;40.0;127.0;69.0;Cloud;full
90;1024;1024;808.328187;2.551;32.038;19.934;676.971;71.446;15;2|3;95.86;68.34;164.2;;;;;483.0;302.0;115.0;63.0;276.0;40.0;153.0;82.0;Cloud;full
91;1024;1024;995.695708;2.509;31.74;17.788;867.941;70.316;15;1|2|3;96.43;68.3;164.73;221.0;40.0;117.0;62.0;509.0;300.0;149.0;59.0;274.0;39.0;149.0;85.0;Cloud;full
92;1920;1920;1118.18704;9.015;111.328;65.046;732.908;178.234;15;1;97.21;68.2;165.41;797.0;157.0;359.0;279.0;;;;;;;;;Cloud;full
93;1920;1920;1970.626025;8.775;112.044;65.454;1608.569;157.621;15;2;96.51;68.09;164.6;;;;;1673.0;1070.0;336.0;265.0;;;;;Cloud;full
94;1920;1920;1060.3444900000002;8.877;111.793;38.55;707.259;175.049;15;3;96.8;68.09;164.88;;;;;;;;;745.0;153.0;327.0;263.0;Cloud;full
95;1920;1920;2534.1609529999996;9.786;111.204;51.293;2185.68;158.049;15;1|2;96.83;68.01;164.84;693.0;148.0;325.0;218.0;1760.0;1056.0;457.0;246.0;;;;;Cloud;full
96;1920;1920;1641.044124;9.654;110.972;63.087;1282.174;157.055;15;1|3;96.31;67.94;164.25;690.0;143.0;331.0;215.0;;;;;868.0;144.0;466.0;257.0;Cloud;full
97;1920;1920;2602.598271;9.086;111.857;60.576;2215.17;186.898;15;2|3;96.69;67.98;164.67;;;;;1603.0;1060.0;321.0;220.0;891.0;140.0;460.0;288.0;Cloud;full
98;1920;1920;3240.455173;8.886;110.933;59.096;2856.81;186.378;15;1|2|3;97.19;67.97;165.15;726.0;151.0;345.0;228.0;1736.0;1051.0;474.0;208.0;888.0;150.0;449.0;287.0;Cloud;full
99;3840;2160;2258.708113;20.496;233.39;118.511;1499.374;348.464;15;1;96.38;67.77;164.15;1617.0;345.0;646.0;624.0;;;;;;;;;Cloud;full
100;3840;2160;4178.707337;23.339;233.805;115.782;3464.726;297.534;15;2;97.38;67.78;165.16;;;;;3579.0;2388.0;627.0;562.0;;;;;Cloud;full
101;3840;2160;2277.768441;20.722;232.37;124.822;1512.377;346.99;15;3;95.14;67.41;162.55;;;;;;;;;1636.0;339.0;652.0;644.0;Cloud;full
102;3840;2160;5423.633243;22.855;233.119;115.742;4713.169;295.256;15;1|2;95.52;67.42;162.94;1467.0;339.0;635.0;492.0;3852.0;2361.0;992.0;496.0;;;;;Cloud;full
103;3840;2160;3510.3328669999996;20.584;233.873;104.116;2758.503;352.774;15;1|3;96.44;67.43;163.87;1451.0;323.0;637.0;489.0;;;;;1899.0;319.0;997.0;582.0;Cloud;full
104;3840;2160;5553.453006;20.85;233.991;123.844;4735.877;398.778;15;2|3;95.94;67.4;163.33;;;;;3448.0;2358.0;635.0;454.0;1864.0;320.0;934.0;608.0;Cloud;full
105;3840;2160;6856.037811;20.335;233.093;113.832;6045.254;401.258;15;1|2|3;95.94;67.36;163.29;1464.0;329.0;646.0;487.0;3775.0;2355.0;973.0;445.0;1850.0;316.0;918.0;613.0;Cloud;full
106;224;224;29.004578;0.171;1.571;1.201;16.875;2.122;15;1;95.94;67.36;163.29;17.0;3.0;6.0;6.0;;;;;;;;;Cloud;full
107;224;224;39.717298;0.175;1.564;1.085;34.392;1.928;15;2;97.07;67.36;164.44;;;;;34.0;21.0;6.0;6.0;;;;;Cloud;full
108;224;224;22.211152000000002;0.174;1.567;1.015;16.718;2.183;15;3;97.77;67.36;165.14;;;;;;;;;17.0;2.0;6.0;6.0;Cloud;full
109;224;224;61.684923000000005;0.174;1.594;1.143;56.208;2.03;15;1|2;97.66;67.37;165.03;17.0;3.0;7.0;5.0;43.0;25.0;10.0;6.0;;;;;Cloud;full
110;224;224;39.650564;0.16;1.528;0.796;34.556;2.053;15;1|3;97.87;67.37;165.24;17.0;3.0;7.0;5.0;;;;;22.0;3.0;10.0;6.0;Cloud;full
111;224;224;62.17684;0.166;1.55;1.264;56.173;2.44;15;2|3;97.44;67.38;164.81;;;;;39.0;25.0;6.0;5.0;23.0;3.0;11.0;7.0;Cloud;full
112;224;224;77.70225599999999;0.172;1.554;1.324;71.562;2.567;15;1|2|3;97.34;67.37;164.71;17.0;3.0;7.0;5.0;42.0;24.0;10.0;5.0;22.0;3.0;10.0;7.0;Cloud;full
113;1024;1024;376.43120600000003;2.281;31.437;16.626;248.815;71.672;15;1;47.34;28.59;75.93;264.0;48.0;109.0;105.0;;;;;;;;;Cloud;50%
114;1024;1024;647.9913339999999;2.313;31.328;17.126;526.935;64.34;15;2;46.47;29.06;75.53;;;;;543.0;335.0;115.0;91.0;;;;;Cloud;50%
115;1024;1024;363.091871;2.3;31.901;16.692;241.572;64.608;15;3;47.99;29.03;77.02;;;;;;;;;257.0;53.0;109.0;93.0;Cloud;50%
116;1024;1024;831.9082370000001;2.286;31.487;8.761;718.391;64.806;15;1|2;46.51;28.96;75.47;229.0;47.0;103.0;76.0;573.0;333.0;160.0;78.0;;;;;Cloud;50%
117;1024;1024;546.076777;2.611;31.888;14.411;427.259;63.864;15;1|3;47.69;28.97;76.66;230.0;52.0;101.0;74.0;;;;;285.0;40.0;164.0;79.0;Cloud;50%
118;1024;1024;803.032151;2.498;31.787;12.393;680.284;70.675;15;2|3;46.26;28.99;75.25;;;;;468.0;317.0;88.0;60.0;284.0;40.0;142.0;100.0;Cloud;50%
119;1024;1024;1022.956064;2.259;31.656;16.183;893.841;73.554;15;1|2|3;46.74;28.86;75.59;218.0;43.0;107.0;66.0;535.0;323.0;134.0;76.0;296.0;41.0;157.0;97.0;Cloud;50%
120;1920;1920;1230.485075;9.645;111.563;52.805;851.99;188.734;15;1;47.31;28.8;76.11;904.0;171.0;381.0;349.0;;;;;;;;;Cloud;50%
121;1920;1920;2101.017397;10.776;110.273;43.714;1763.02;155.698;15;2;47.77;28.78;76.55;;;;;1806.0;1173.0;363.0;267.0;;;;;Cloud;50%
122;1920;1920;1168.287718;9.872;111.055;47.07;815.679;167.042;15;3;47.07;28.34;75.42;;;;;;;;;862.0;176.0;364.0;318.0;Cloud;50%
123;1920;1920;2873.0893819999997;9.922;111.451;56.506;2519.118;158.165;15;1|2;45.67;28.2;73.88;793.0;162.0;360.0;269.0;2050.0;1175.0;564.0;309.0;;;;;Cloud;50%
124;1920;1920;1942.700614;9.736;111.702;52.587;1588.832;161.618;15;1|3;46.44;28.19;74.63;818.0;157.0;354.0;304.0;;;;;1126.0;194.0;598.0;332.0;Cloud;50%
125;1920;1920;2903.416823;9.892;111.055;58.143;2519.206;187.408;15;2|3;47.7;28.19;75.89;;;;;1769.0;1181.0;367.0;218.0;1025.0;155.0;502.0;366.0;Cloud;50%
126;1920;1920;3638.589657;9.796;111.417;52.244;3262.852;184.126;15;1|2|3;46.12;28.16;74.29;784.0;169.0;363.0;251.0;1929.0;1123.0;558.0;245.0;1096.0;197.0;522.0;375.0;Cloud;50%
127;3840;2160;2517.41503;20.593;238.439;100.762;1777.087;342.404;15;1;47.49;28.15;75.63;1877.0;384.0;746.0;744.0;;;;;;;;;Cloud;50%
128;3840;2160;4628.718235;20.822;232.296;102.118;3932.349;299.23;15;2;46.03;27.9;73.93;;;;;4033.0;2629.0;767.0;635.0;;;;;Cloud;50%
129;3840;2160;2419.942698;20.71;232.081;99.168;1673.208;342.602;15;3;46.79;27.76;74.55;;;;;;;;;1771.0;363.0;742.0;664.0;Cloud;50%
130;3840;2160;6094.662007;21.086;234.101;116.863;5376.147;294.987;15;1|2;46.1;27.42;73.51;1736.0;377.0;774.0;582.0;4338.0;2568.0;1184.0;583.0;;;;;Cloud;50%
131;3840;2160;4002.698206;20.74;232.284;105.573;3249.823;354.439;15;1|3;46.37;27.42;73.79;1668.0;368.0;737.0;562.0;;;;;2247.0;372.0;1208.0;665.0;Cloud;50%
132;3840;2160;5914.098121;20.825;235.1;93.706;5115.464;399.651;15;2|3;44.98;27.36;72.35;;;;;3793.0;2557.0;727.0;507.0;1922.0;325.0;977.0;618.0;Cloud;50%
133;3840;2160;7599.573388;21.064;233.88;97.111;6800.119;405.149;15;1|2|3;46.19;27.26;73.45;1654.0;369.0;721.0;561.0;4226.0;2553.0;1164.0;507.0;2084.0;317.0;1032.0;732.0;Cloud;50%
134;224;224;23.446737;0.157;1.55;0.863;10.78;2.067;15;1;46.73;27.22;73.95;11.0;1.0;4.0;4.0;;;;;;;;;Cloud;50%
135;224;224;28.209245;0.157;1.565;0.794;22.778;2.301;15;2;46.73;27.22;73.95;;;;;22.0;13.0;4.0;4.0;;;;;Cloud;50%
136;224;224;22.834747999999998;0.151;1.551;0.821;17.534;2.181;15;3;47.95;27.25;75.2;;;;;;;;;17.0;2.0;7.0;6.0;Cloud;50%
137;224;224;43.781735000000005;0.168;1.644;0.867;38.605;1.939;15;1|2;47.35;27.22;74.56;10.0;1.0;4.0;3.0;31.0;16.0;7.0;5.0;;;;;Cloud;50%
138;224;224;30.92315;0.151;1.574;0.962;25.53;2.082;15;1|3;46.74;27.22;73.97;12.0;2.0;6.0;3.0;;;;;15.0;2.0;6.0;6.0;Cloud;50%
139;224;224;48.537735;0.167;1.541;0.59;43.104;2.603;15;2|3;47.63;27.23;74.86;;;;;28.0;16.0;7.0;3.0;17.0;2.0;7.0;6.0;Cloud;50%
140;224;224;53.004644;0.161;1.539;0.765;47.553;2.406;15;1|2|3;48.05;27.25;75.29;13.0;2.0;5.0;3.0;27.0;15.0;8.0;3.0;13.0;1.0;5.0;4.0;Cloud;50%
141;1024;1024;430.836504;2.286;31.577;23.444;299.978;68.84;15;1;9.38;9.97;19.35;322.0;59.0;139.0;121.0;;;;;;;;;Cloud;90%
142;1024;1024;700.419119;2.475;32.325;25.137;570.275;64.148;15;2;8.85;9.9;18.75;;;;;593.0;361.0;132.0;98.0;;;;;Cloud;90%
143;1024;1024;419.0598;2.539;31.7;25.359;286.135;67.394;15;3;8.85;9.9;18.75;;;;;;;;;310.0;55.0;145.0;109.0;Cloud;90%
144;1024;1024;957.678218;2.259;31.989;12.111;840.74;64.281;15;1|2;9.29;9.83;19.12;281.0;54.0;124.0;100.0;669.0;361.0;201.0;104.0;;;;;Cloud;90%
145;1024;1024;628.2925;2.301;31.728;19.231;502.379;66.505;15;1|3;9.22;9.84;19.06;274.0;46.0;127.0;98.0;;;;;344.0;49.0;202.0;91.0;Cloud;90%
146;1024;1024;967.956692;2.291;31.596;28.03;828.313;72.099;15;2|3;9.18;9.86;19.05;;;;;596.0;358.0;145.0;91.0;348.0;48.0;184.0;114.0;Cloud;90%
147;1024;1024;1248.9257730000002;2.273;31.85;13.494;1123.112;72.627;15;1|2|3;9.1;9.84;18.93;290.0;60.0;132.0;96.0;652.0;362.0;205.0;82.0;370.0;49.0;184.0;135.0;Cloud;90%
148;1920;1920;1434.904317;8.665;111.208;72.557;1044.969;180.737;15;1;9.2;9.73;18.93;1116.0;206.0;471.0;437.0;;;;;;;;;Cloud;90%
149;1920;1920;2412.225078;9.959;111.137;70.118;2044.214;158.141;15;2;8.86;9.72;18.58;;;;;2111.0;1278.0;476.0;355.0;;;;;Cloud;90%
150;1920;1920;1363.980993;9.004;113.503;77.015;973.183;172.537;15;3;9.38;9.65;19.03;;;;;;;;;1049.0;193.0;489.0;364.0;Cloud;90%
151;1920;1920;3244.420628;9.079;111.168;75.856;2871.574;157.518;15;1|2;8.64;9.53;18.17;982.0;195.0;455.0;330.0;2293.0;1267.0;696.0;328.0;;;;;Cloud;90%
152;1920;1920;2187.39421;9.106;110.887;59.378;1826.835;162.811;15;1|3;9.39;9.55;18.94;976.0;196.0;444.0;333.0;;;;;1242.0;181.0;725.0;333.0;Cloud;90%
153;1920;1920;3247.3806870000003;8.887;111.277;83.084;2843.429;182.087;15;2|3;8.81;9.59;18.4;;;;;1991.0;1230.0;478.0;281.0;1214.0;172.0;623.0;416.0;Cloud;90%
154;1920;1920;4073.1155519999998;9.895;110.307;70.649;3695.285;168.88;15;1|2|3;8.37;9.58;17.95;955.0;180.0;450.0;323.0;2235.0;1247.0;677.0;310.0;1201.0;181.0;644.0;374.0;Cloud;90%
155;3840;2160;2895.7877750000002;22.992;232.652;134.171;2128.16;340.837;15;1;8.87;9.54;18.41;2262.0;440.0;925.0;895.0;;;;;;;;;Cloud;90%
156;3840;2160;5119.841213;20.575;233.438;150.724;4374.297;300.305;15;2;7.2;9.31;16.51;;;;;4524.0;2823.0;957.0;742.0;;;;;Cloud;90%
157;3840;2160;2927.279224;22.63;233.281;131.337;2151.511;348.425;15;3;9.67;9.31;18.98;;;;;;;;;2281.0;414.0;938.0;927.0;Cloud;90%
158;3840;2160;6949.42204;22.693;231.669;162.375;6196.902;295.201;15;1|2;8.42;9.13;17.55;2104.0;418.0;980.0;703.0;4956.0;2784.0;1514.0;656.0;;;;;Cloud;90%
159;3840;2160;4734.621786;22.866;232.089;128.488;3960.554;348.084;15;1|3;8.44;9.12;17.57;2100.0;430.0;943.0;725.0;;;;;2712.0;393.0;1492.0;825.0;Cloud;90%
160;3840;2160;6990.704312;23.031;234.499;145.712;6151.727;395.135;15;2|3;7.84;9.13;16.96;;;;;4329.0;2765.0;956.0;605.0;2572.0;379.0;1321.0;869.0;Cloud;90%
161;3840;2160;8894.709045000001;22.814;234.437;145.681;8047.806;401.708;15;1|2|3;8.65;9.11;17.76;2074.0;425.0;949.0;697.0;4816.0;2761.0;1473.0;579.0;2574.0;384.0;1282.0;906.0;Cloud;90%
162;224;224;29.422358;0.172;1.572;0.812;17.755;2.082;15;1;8.65;9.11;17.76;17.0;2.0;6.0;7.0;;;;;;;;;Cloud;90%
163;224;224;35.189209;0.163;1.55;0.978;30.049;1.915;15;2;9.71;9.12;18.83;;;;;30.0;16.0;6.0;6.0;;;;;Cloud;90%
164;224;224;21.929154;0.167;1.61;0.736;16.662;2.192;15;3;9.36;9.12;18.47;;;;;;;;;16.0;2.0;6.0;6.0;Cloud;90%
165;224;224;50.164034;0.18;1.598;0.835;44.936;2.053;15;1|2;9.53;9.12;18.65;15.0;2.0;6.0;5.0;34.0;16.0;10.0;5.0;;;;;Cloud;90%
166;224;224;33.671147;0.186;1.602;0.911;28.234;2.06;15;1|3;9.27;9.09;18.36;16.0;2.0;6.0;6.0;;;;;17.0;2.0;7.0;6.0;Cloud;90%
167;224;224;53.972440000000006;0.17;1.636;0.736;48.133;2.423;15;2|3;9.92;9.09;19.01;;;;;33.0;18.0;9.0;5.0;18.0;2.0;7.0;8.0;Cloud;90%
168;224;224;71.665069;0.178;1.564;0.889;66.1;2.409;15;1|2|3;9.81;9.09;18.9;18.0;2.0;8.0;5.0;32.0;18.0;8.0;4.0;17.0;2.0;6.0;7.0;Cloud;90%
169;1024;1024;559.918199;12.041;32.198;166.538;334.539;12.306;15;1;86.94;56.33;143.26;489.0;22.0;266.0;197.0;;;;;;;;;Distributed;tbd
170;1024;1024;792.275512;3.929;38.238;197.349;528.035;21.04;15;3;69.73;52.12;121.84;;;;;;;;;714.0;29.0;293.0;390.0;Distributed;tbd
171;1024;1024;723.767794;1.313;11.168;110.686;587.431;11.116;15;1|2;78.35;51.71;130.07;284.0;11.0;130.0;142.0;;;;;;;;;Distributed;tbd
172;1024;1024;1004.1054469999999;4.596;38.749;226.114;720.016;12.501;15;1|3;63.71;51.59;115.29;577.0;21.0;330.0;221.0;;;;;494.0;17.0;256.0;219.0;Distributed;tbd
173;1024;1024;1128.279959;2.112;18.219;123.349;963.101;19.579;15;1|2|3;72.32;51.58;123.9;344.0;10.0;159.0;174.0;;;;;504.0;9.0;242.0;252.0;Distributed;tbd
174;1920;1920;825.116506;28.131;46.47;156.354;515.17;45.693;15;1;83.68;51.45;135.13;669.0;41.0;244.0;382.0;;;;;;;;;Distributed;tbd
175;1920;1920;1324.661285;17.093;115.073;413.186;725.007;43.011;15;3;79.9;45.65;125.55;;;;;;;;;1129.0;63.0;678.0;386.0;Distributed;tbd
176;1920;1920;1614.413927;5.844;42.529;154.642;1369.613;36.778;15;1|2;82.54;41.45;123.99;545.0;34.0;233.0;276.0;;;;;;;;;Distributed;tbd
177;1920;1920;1196.7131499999998;10.61;95.637;397.408;651.157;35.448;15;1|3;56.16;41.38;97.54;681.0;30.0;547.0;102.0;;;;;455.0;29.0;190.0;235.0;Distributed;tbd
178;1920;1920;2810.616382;13.339;104.18;439.943;2200.817;44.455;15;1|2|3;56.14;39.37;95.51;1270.0;59.0;640.0;568.0;;;;;670.0;26.0;299.0;343.0;Distributed;tbd
179;3840;2160;1536.684504;36.259;68.018;315.614;804.701;228.23;15;1;86.21;39.37;125.58;1117.0;68.0;441.0;605.0;;;;;;;;;Distributed;tbd
180;3840;2160;2744.979233;40.848;202.915;727.974;1568.303;190.618;15;3;47.97;23.05;71.02;;;;;;;;;2302.0;94.0;1024.0;1182.0;Distributed;tbd
181;3840;2160;3229.872937;11.331;73.211;328.602;2726.123;77.125;15;1|2;66.67;22.87;89.54;986.0;71.0;470.0;444.0;;;;;;;;;Distributed;tbd
182;3840;2160;1919.9123280000001;10.552;73.239;361.234;1379.372;86.854;15;1|3;62.34;22.91;85.25;893.0;72.0;510.0;309.0;;;;;1155.0;62.0;459.0;629.0;Distributed;tbd
183;3840;2160;4256.513184;34.215;191.633;543.245;3379.311;96.043;15;1|2|3;52.16;22.21;74.37;1221.0;72.0;689.0;458.0;;;;;1190.0;58.0;501.0;629.0;Distributed;tbd
184;224;224;43.762895;9.682;1.017;3.473;25.117;1.202;15;1;74.94;22.94;97.88;23.0;0.0;6.0;16.0;;;;;;;;;Distributed;tbd
185;224;224;307.17107300000004;0.312;1.62;11.679;287.626;1.38;15;3;79.05;23.07;102.13;;;;;;;;;283.0;0.0;111.0;170.0;Distributed;tbd
186;224;224;124.309613;0.104;0.562;4.369;118.101;0.531;15;1|2;85.01;23.07;108.08;56.0;0.0;5.0;50.0;;;;;;;;;Distributed;tbd
187;224;224;27.215401;0.106;0.808;3.584;21.0;0.741;15;1|3;75.79;23.07;98.85;11.0;0.0;5.0;5.0;;;;;14.0;0.0;1.0;12.0;Distributed;tbd
188;224;224;861.47094;0.281;1.286;7.454;850.421;0.689;15;1|2|3;70.27;23.05;93.32;324.0;0.0;13.0;308.0;;;;;497.0;0.0;267.0;228.0;Distributed;tbd
